"Filename","LineNumber"
"00-Home.html","707"
"00-Home.html","708"
"00-Home.html","701"
"00-Home.html","667"
"00-Home.html","691"
"01-Login.html","474"
"01-Login.html","475"
"01-Login.html","490"
"01-Login.html","359"
"01-Login.html","363"
"01-Login.html","458"
"02-AdminDashboard.html","514"
"02-AdminDashboard.html","515"
"02-AdminDashboard.html","518"
"02-AdminDashboard.html","427"
"02-AdminDashboard.html","372"
"02-AdminDashboard.html","391"
"02-AdminDashboard.html","424"
"02-AdminDashboard.html","565"
"02-AdminDashboard.html","586"
"02-AdminDashboard.html","651"
"02-AdminDashboard.html","560"
"02-AdminDashboard.html","519"
"02-AdminDashboard.html","547"
"02-AdminDashboard.html","548"
"02-Dashboard.html","275"
"02-Dashboard.html","277"
"02-Dashboard.html","274"
"02-Dashboard.html","266"
"02-Dashboard.html","273"
"02-Dashboard.html","339"
"02-Dashboard.html","358"
"02-Dashboard.html","310"
"02-Dashboard.html","294"
"02-Dashboard.html","309"
"03-AuctionList.html","1169"
"03-AuctionList.html","1170"
"03-AuctionList.html","1148"
"03-AuctionList.html","1149"
"03-AuctionList.html","1191"
"03-AuctionList.html","1198"
"03-AuctionList.html","1187"
"03-AuctionList.html","1189"
"03-AuctionList.html","1142"
"03-AuctionList.html","975"
"03-AuctionList.html","976"
"03-AuctionList.html","672"
"03-AuctionList.html","676"
"03-AuctionList.html","1134"
"03-AuctionList.html","1140"
"03-AuctionList.html","1025"
"03-AuctionList.html","1031"
"03-AuctionList.html","1495"
"03-AuctionList.html","1496"
"03-AuctionList.html","1504"
"03-AuctionList.html","1474"
"03-AuctionList.html","1486"
"03-AuctionList.html","1487"
"03-AuctionList.html","1505"
"03-AuctionList.html","1601"
"03-AuctionList.html","1604"
"03-AuctionList.html","677"
"03-AuctionList.html","1510"
"03-AuctionList.html","1552"
"03-AuctionList.html","1594"
"03-AuctionList.html","1373"
"03-AuctionList.html","1277"
"03-AuctionList.html","1290"
"03-AuctionList.html","1295"
"03-AuctionList.html","1266"
"03-AuctionList.html","1249"
"03-AuctionList.html","1250"
"03-AuctionList.html","1265"
"03-AuctionList.html","1333"
"03-AuctionList.html","1336"
"03-AuctionList.html","1360"
"03-AuctionList.html","1300"
"03-AuctionList.html","1311"
"03-AuctionList.html","1316"
"03-Index.html","330"
"03-Index.html","373"
"03-Index.html","329"
"03-Index.html","435"
"03-Index.html","289"
"03-Index.html","452"
"03-Index.html","439"
"04-Detail.html","437"
"04-Detail.html","432"
"04-Detail.html","441"
"04-Detail.html","440"
"04-Detail.html","426"
"04-Detail.html","398"
"04-Detail.html","692"
"04-Detail.html","425"
"04-Detail.html","421"
"04-Detail.html","452"
"04-Detail.html","614"
"04-Detail.html","613"
"04-Detail.html","683"
"04-Detail.html","686"
"04-Detail.html","685"
"04-Detail.html","504"
"04-Detail.html","499"
"04-Detail.html","505"
"04-Detail.html","592"
"04-Detail.html","544"
"04-Detail.html","502"
"05-AuctionDetail.html","525"
"05-AuctionDetail.html","528"
"05-AuctionDetail.html","479"
"05-AuctionDetail.html","486"
"05-AuctionDetail.html","644"
"05-AuctionDetail.html","709"
"05-AuctionDetail.html","359"
"05-AuctionDetail.html","668"
"05-AuctionDetail.html","669"
"05-AuctionDetail.html","476"
"05-AuctionDetail.html","385"
"05-AuctionDetail.html","389"
"05-AuctionDetail.html","368"
"05-AuctionDetail.html","350"
"05-AuctionDetail.html","349"
"05-AuctionDetail.html","466"
"05-AuctionDetail.html","467"
"05-AuctionDetail.html","475"
"05-AuctionDetail.html","413"
"05-Watchlist.html","459"
"05-Watchlist.html","368"
"05-Watchlist.html","441"
"05-Watchlist.html","404"
"05-Watchlist.html","409"
"05-Watchlist.html","505"
"05-Watchlist.html","540"
"05-Watchlist.html","541"
"05-Watchlist.html","472"
"05-Watchlist.html","478"
"05-Watchlist.html","479"
"05-Watchlist.html","364"
"05-Watchlist.html","343"
"05-Watchlist.html","555"
"05-Watchlist.html","543"
"05-Watchlist.html","344"
"05-Watchlist.html","363"
"05-Watchlist.html","359"
"05-Watchlist.html","352"
"06-AgentList.html","684"
"06-AgentList.html","724"
"06-AgentList.html","723"
"06-AgentList.html","681"
"06-AgentList.html","682"
"06-AgentList.html","605"
"06-AgentList.html","604"
"06-AgentList.html","680"
"06-AgentList.html","614"
"06-AgentList.html","613"
"06-AgentList.html","607"
"06-AgentList.html","736"
"06-AgentList.html","1087"
"06-AgentList.html","1029"
"06-AgentList.html","954"
"06-AgentList.html","1095"
"06-AgentList.html","1094"
"06-AgentList.html","1093"
"06-AgentList.html","950"
"06-AgentList.html","908"
"06-AgentList.html","905"
"06-AgentList.html","904"
"06-AgentList.html","948"
"06-AgentList.html","947"
"06-AgentList.html","921"
"06-AgentList.html","1396"
"06-AgentList.html","1298"
"06-AgentList.html","1288"
"06-AgentList.html","1528"
"06-AgentList.html","1411"
"06-AgentList.html","1407"
"06-AgentList.html","1287"
"06-AgentList.html","1270"
"06-AgentList.html","1140"
"06-AgentList.html","1096"
"06-AgentList.html","1286"
"06-AgentList.html","1285"
"06-AgentList.html","1280"
"06-AgentList.html","889"
"06-AgentList.html","740"
"06-AgentList.html","786"
"06-AgentList.html","789"
"06-AgentList.html","752"
"06-AgentList.html","773"
"06-AgentList.html","772"
"06-AgentList.html","769"
"06-AgentList.html","790"
"06-AgentList.html","860"
"06-AgentList.html","872"
"06-AgentList.html","883"
"06-AgentList.html","857"
"06-AgentList.html","802"
"06-AgentList.html","839"
"06-AgentList.html","842"
"06-MyBids.html","302"
"06-MyBids.html","303"
"06-MyBids.html","305"
"06-MyBids.html","239"
"06-MyBids.html","240"
"06-MyBids.html","237"
"06-MyBids.html","238"
"06-MyBids.html","259"
"06-MyBids.html","270"
"06-MyBids.html","247"
"06-MyBids.html","252"
"07-Reports.html","909"
"07-Reports.html","930"
"07-Reports.html","931"
"07-Reports.html","774"
"07-Reports.html","763"
"07-Reports.html","764"
"07-Reports.html","769"
"07-Reports.html","951"
"07-Reports.html","1123"
"07-Reports.html","1207"
"07-Reports.html","947"
"07-Reports.html","932"
"07-Reports.html","933"
"07-Reports.html","944"
"07-Reports.html","724"
"07-Reports.html","523"
"07-Reports.html","541"
"07-Reports.html","542"
"07-Reports.html","513"
"07-Reports.html","443"
"07-Reports.html","470"
"07-Reports.html","471"
"07-Reports.html","565"
"07-Reports.html","572"
"07-Reports.html","585"
"07-Reports.html","560"
"07-Reports.html","546"
"07-Reports.html","548"
"07-Reports.html","554"
"07-WonAuction.html","2124"
"07-WonAuction.html","2076"
"07-WonAuction.html","2180"
"07-WonAuction.html","2174"
"07-WonAuction.html","2075"
"07-WonAuction.html","2007"
"07-WonAuction.html","1988"
"07-WonAuction.html","2074"
"07-WonAuction.html","2073"
"07-WonAuction.html","2250"
"07-WonAuction.html","2389"
"07-WonAuction.html","2388"
"07-WonAuction.html","2409"
"07-WonAuction.html","2393"
"07-WonAuction.html","2382"
"07-WonAuction.html","2283"
"07-WonAuction.html","2274"
"07-WonAuction.html","2363"
"07-WonAuction.html","2330"
"07-WonAuction.html","1987"
"07-WonAuction.html","1034"
"07-WonAuction.html","963"
"07-WonAuction.html","1107"
"07-WonAuction.html","1038"
"07-WonAuction.html","959"
"07-WonAuction.html","912"
"07-WonAuction.html","911"
"07-WonAuction.html","957"
"07-WonAuction.html","953"
"07-WonAuction.html","1340"
"07-WonAuction.html","1946"
"07-WonAuction.html","1945"
"07-WonAuction.html","1968"
"07-WonAuction.html","1962"
"07-WonAuction.html","1944"
"07-WonAuction.html","1567"
"07-WonAuction.html","1520"
"07-WonAuction.html","1628"
"07-WonAuction.html","1624"
"07-WonAuction.html","3139"
"07-WonAuction.html","3149"
"07-WonAuction.html","3151"
"07-WonAuction.html","2555"
"07-WonAuction.html","2795"
"07-WonAuction.html","3133"
"07-WonAuction.html","875"
"07-WonAuction.html","879"
"07-WonAuction.html","890"
"07-WonAuction.html","891"
"07-WonAuction.html","870"
"07-WonAuction.html","874"
"07-WonAuction.html","2553"
"07-WonAuction.html","2445"
"07-WonAuction.html","2463"
"07-WonAuction.html","2414"
"07-WonAuction.html","2419"
"07-WonAuction.html","2423"
"07-WonAuction.html","2426"
"07-WonAuction.html","2493"
"07-WonAuction.html","2479"
"07-WonAuction.html","2478"
"07-WonAuction.html","2477"
"07-WonAuction.html","2519"
"07-WonAuction.html","2466"
"08-Notifications.html","702"
"09-AdminChat.html","304"
"09-AdminChat.html","268"
"09-AdminChat.html","239"
"09-AdminChat.html","265"
"09-AdminChat.html","305"
"09-Profile.html","269"
"09-Profile.html","278"
"09-Profile.html","380"
"09-Profile.html","267"
"09-Profile.html","268"
"Register.html","830"
"Register.html","815"
"Register.html","829"
"Register.html","837"
"Register.html","836"
"Register.html","818"
"Register.html","825"
"Register.html","826"
