"Filename","LineNumber","Line"
"00-Home.html","10","    <script src=""assets/js/cargo-store.js""></script>"
"00-Home.html","667","            btn.innerHTML = `<i class=""fa-solid fa-circle-notch fa-spin""></i> Đăng nhập tài khoản ${res.user.agentCode}...`;"
"00-Home.html","691","                hdrBtn.innerHTML = `<i class=""fa-solid fa-gauge-high text-xs""></i> Vào Dashboard (${u.agentCode})`;"
"00-Home.html","701","                            ${(u.agentCode || 'AG').slice(0, 2)}"
"00-Home.html","708","                        <p class=""text-xs text-gray-500 mt-0.5"">Mã đại lý: <strong class=""text-blue-600 font-mono"">${u.agentCode}</strong></p>"
"01-Login.html","9","    <script src=""assets/js/cargo-store.js""></script>"
"01-Login.html","359","                <p>Mật khẩu của đại lý <strong>${result.agentCode}</strong> (${result.companyName}) là:</p>"
"01-Login.html","361","                    ${result.password}"
"01-Login.html","363","                <button type=""button"" onclick=""autofillFoundPassword('${result.agentCode}', '${result.password}')"" class=""w-full mt-1 bg-emerald-600 hover:bg-emerald-700 text-white font-semibold py-1.5 rounded-lg text-xs transition shadow-xs"">"
"01-Login.html","393","            const isLocked = ag && (ag.status === 'Đã khóa' || ag.status === 'LOCKED');"
"01-Login.html","474","                        <span class=""text-[11px] text-red-700"">Mã hồ sơ: <strong>${res.regId || ''}</strong></span>"
"01-Login.html","475","                        <a href=""Register.html?resubmit=${encodeURIComponent(res.regId || '')}"" "
"01-Login.html","490","        btn.innerHTML = `<i class=""fa-solid fa-circle-notch fa-spin""></i> Đăng nhập tài khoản ${res.user.agentCode}...`;"
"02-Dashboard.html","9","    <script src=""assets/js/cargo-store.js""></script>"
"02-Dashboard.html","265","            const openAuctions = allAuctions.filter(a => a.status === 'OPEN');"
"02-Dashboard.html","266","            const myCode = u ? u.agentCode : '';"
"02-Dashboard.html","274","                if (hdrCode) hdrCode.textContent = u.agentCode || 'AG-xxxx';"
"02-Dashboard.html","275","                if (hdrAvatar) hdrAvatar.textContent = (u.agentCode || 'AG').slice(0,2);"
"02-Dashboard.html","277","                document.getElementById('dashCompanyInfo').innerHTML = `${u.companyName} (${u.agentCode}) · Hôm nay có <strong>${openAuctions.length} chuyến bay</strong> mở thầu tải trọng cargo.`;"
"02-Dashboard.html","309","            const isPaidWonItem = w => (CargoStore.isWonAuctionPaid ? CargoStore.isWonAuctionPaid(w) : (w.paymentStatus === 'PAID' || w.paymentStatus === 'PAID_LATE' || w.lockWaivedByAdmin === true));"
"02-Dashboard.html","310","            const isPendingWonItem = w => (CargoStore.isWonAuctionPending ? CargoStore.isWonAuctionPending(w) : (w.paymentStatus === 'PENDING_VERIFICATION'));"
"02-Dashboard.html","344","                                        <span class=""bg-blue-600 text-white font-bold text-xs px-2.5 py-0.5 rounded-lg"">${a.flightNumber}</span>"
"03-Index.html","9","    <script src=""assets/js/cargo-store.js""></script>"
"03-Index.html","289","            const currentAgentCode = currentUser ? currentUser.agentCode : '';"
"03-Index.html","303","                list = list.filter(a => a.status === statusVal);"
"03-Index.html","307","                    (a.flightNumber || '').toLowerCase().includes(searchVal) ||"
"03-Index.html","382","                                        ${a.flightNumber}"
"03-Index.html","445","                                ${a.status === 'OPEN' ? `"
"03-Index.html","446","                                    <span class=""auction-timer-text text-orange-600 font-semibold flex items-center gap-1.5"" data-endtime=""${a.endTime}"" data-status=""${a.status}"">"
"03-Index.html","457","                                <a href=""04-Detail.html?id=${a.id}"" class=""w-full ${a.status === 'OPEN' ? 'bg-blue-600 hover:bg-blue-700 text-white' : 'bg-gray-200 text-gray-500 cursor-not-allowed'} py-2.5 rounded-xl font-semibold text-xs flex items-center justify-center gap-2 transition shadow"">"
"03-Index.html","459","                                    <span>${a.status === 'OPEN' ? 'Vào đặt giá ngay' : 'Xem kết quả'}</span>"
"04-Detail.html","9","    <script src=""assets/js/cargo-store.js""></script>"
"04-Detail.html","398","            return u ? (u.agentCode || u.code || '') : '';"
"04-Detail.html","411","            document.getElementById('flightBadge').textContent = currentAuction.flightNumber;"
"04-Detail.html","429","            const isClosed = currentAuction.status === 'CLOSED' || timer.isEnded;"
"04-Detail.html","432","            const myCode = (u.agentCode || u.code || '').trim().toUpperCase();"
"04-Detail.html","437","            const isTopBidMine = !!(topBid && myCode && (topBid.agentCode || '').trim().toUpperCase() === myCode);"
"04-Detail.html","455","                const flightNum = currentAuction.flightNumber || 'FLIGHT';"
"04-Detail.html","461","                    const existingWon = allWon.find(w => Number(w.auctionId) === Number(currentAuction.id));"
"04-Detail.html","544","            const agentAcc = (dataStore.agentsList || []).find(a => (a.code || '').toUpperCase() === (currentAgent ? currentAgent.agentCode || '' : '').toUpperCase());"
"04-Detail.html","545","            const isAccountLocked = agentAcc && (agentAcc.status === 'Đã khóa' || agentAcc.status === 'LOCKED');"
"04-Detail.html","603","            const isClosed = currentAuction.status === 'CLOSED' || timer.isEnded;"
"04-Detail.html","613","                const isMine = b.agentCode === myCode;"
"04-Detail.html","614","                const displayName = CargoStore.getPublicAgentName(b.agentCode, b.agentName, b.isAnonymous);"
"04-Detail.html","710","            if (modalFlight) modalFlight.textContent = `${currentAuction.flightNumber} (${currentAuction.route})`;"
"04-Detail.html","732","                if (timer.isEnded || currentAuction.status === 'CLOSED') {"
"05-Watchlist.html","9","    <script src=""assets/js/cargo-store.js""></script>"
"05-Watchlist.html","352","        const currentAgentCode = data.currentUser?.agentCode || '';"
"05-Watchlist.html","358","        if (currentFilter === 'open') list = list.filter(a => a.status === 'OPEN');"
"05-Watchlist.html","359","        if (currentFilter === 'leading') list = list.filter(a => a.leadingAgentCode === currentAgentCode && a.status === 'OPEN');"
"05-Watchlist.html","367","        const openCount = all.filter(a => a.status === 'OPEN').length;"
"05-Watchlist.html","368","        const leadingCount = all.filter(a => a.leadingAgentCode === currentAgentCode && a.status === 'OPEN').length;"
"05-Watchlist.html","404","            const isLeading = !!(a.leadingAgentCode && a.leadingAgentCode === currentAgentCode && a.status === 'OPEN');"
"05-Watchlist.html","407","            const isUrgent = a.status === 'OPEN' && t.hours === 0 && t.minutes < 15 && !t.expired;"
"05-Watchlist.html","408","            const isClosed = a.status === 'CLOSED';"
"05-Watchlist.html","428","                                <span class=""bg-blue-600 text-white font-bold text-xs px-2.5 py-0.5 rounded-lg"">${a.flightNumber}</span>"
"05-Watchlist.html","485","                        ${a.status === 'OPEN' ? `"
"05-Watchlist.html","490","                        <a href=""04-Detail.html?id=${a.id}"" class=""${a.status === 'OPEN' ? 'bg-gray-100 hover:bg-gray-200 text-gray-700' : 'bg-blue-600 hover:bg-blue-700 text-white shadow'} text-xs font-semibold px-4 py-2.5 rounded-xl transition flex items-center gap-1.5 cursor-pointer"">"
"05-Watchlist.html","492","                            ${a.status === 'OPEN' ? 'Chi tiết' : 'Xem kết quả'}"
"05-Watchlist.html","502","                ${a.status === 'OPEN' ? `"
"05-Watchlist.html","542","        document.getElementById('modalFlightLabel').textContent = a.flightNumber + ' · ' + a.route;"
"06-MyBids.html","9","    <script src=""assets/js/cargo-store.js""></script>"
"06-MyBids.html","238","                document.getElementById('hdrCode').textContent = u.agentCode || 'AG-0892';"
"06-MyBids.html","239","                document.getElementById('hdrAvatar').textContent = (u.agentCode || 'AG').slice(0,2);"
"06-MyBids.html","240","                document.getElementById('myBidsAgentCode').textContent = u.agentCode || 'AG-0892';"
"06-MyBids.html","247","            const userCode = u ? String(u.agentCode || u.code || '').trim().toUpperCase() : 'AG-0892';"
"06-MyBids.html","252","                const wAgentCode = String(w.agentCode || '').trim().toUpperCase();"
"06-MyBids.html","254","                    const existingBid = allBids.find(b => String(b.auctionId) === String(w.auctionId));"
"06-MyBids.html","256","                        existingBid.status = 'WON';"
"06-MyBids.html","259","                            id: 'WON-BID-' + w.wonId,"
"06-MyBids.html","260","                            auctionId: w.auctionId,"
"06-MyBids.html","261","                            flightNumber: w.flightNumber,"
"06-MyBids.html","270","                            agentCode: w.agentCode"
"06-MyBids.html","278","                filtered = allBids.filter(b => b.status === currentTab);"
"06-MyBids.html","301","                const auction = auctions.find(a => a.id == b.auctionId) || {};"
"06-MyBids.html","302","                const bidAgentCode = String(b.agentCode || userCode || 'AG-0892').trim().toUpperCase();"
"06-MyBids.html","303","                const wonAuction = wonAuctions.find(w => (String(w.auctionId) === String(b.auctionId) || w.wonId === b.id || ('WON-BID-' + w.wonId) === b.id) && (!w.agentCode || String(w.agentCode).trim().toUpperCase() === bidAgentCode)) || null;"
"06-MyBids.html","304","                const isActualWinner = b.status === 'WON' || !!wonAuction;"
"06-MyBids.html","305","                const paymentStatus = wonAuction ? wonAuction.paymentStatus : (b.status === 'WON' ? 'PAID' : null);"
"06-MyBids.html","309","                const isAuctionClosed = !auction.id || auction.status === 'CLOSED' || auction.status === 'ENDED' || auction.status === 'EXPIRED' || (timer && timer.isEnded);"
"06-MyBids.html","311","                const flightNo = auction.flightNumber || b.flightNumber || 'VU130';"
"06-MyBids.html","317","                if (b.status === 'HIGHEST') {"
"06-MyBids.html","319","                } else if (b.status === 'OUTBID' || (b.status === 'WON' && !isActualWinner)) {"
"06-MyBids.html","321","                } else if (b.status === 'WON' || isActualWinner) {"
"06-MyBids.html","322","                    if (paymentStatus === 'PAID') {"
"06-MyBids.html","324","                    } else if (paymentStatus === 'PENDING_VERIFICATION') {"
"06-MyBids.html","326","                    } else if (paymentStatus === 'EXPIRED') {"
"06-MyBids.html","334","                if (b.status === 'WON' || isActualWinner) {"
"06-MyBids.html","335","                    if (paymentStatus === 'PAID') {"
"06-MyBids.html","354","                if (b.status === 'OUTBID') {"
"06-MyBids.html","356","                        actionBtnHtml = `<a href=""04-Detail.html?id=${b.auctionId}"" class=""inline-flex items-center gap-1.5 bg-slate-100 hover:bg-slate-200 text-slate-500 font-medium px-3 py-1.5 rounded-lg text-xs transition"" title=""Phiên đấu giá đã đóng"">"
"06-MyBids.html","360","                        actionBtnHtml = `<a href=""04-Detail.html?id=${b.auctionId}"" class=""inline-flex items-center gap-1.5 bg-blue-50 hover:bg-blue-100 text-blue-700 font-semibold px-3 py-1.5 rounded-lg text-xs transition"">"
"06-MyBids.html","365","                    actionBtnHtml = `<a href=""04-Detail.html?id=${b.auctionId}"" class=""inline-flex items-center gap-1.5 bg-blue-50 hover:bg-blue-100 text-blue-700 font-semibold px-3 py-1.5 rounded-lg text-xs transition"">"
"07-WonAuction.html","9","    <script src=""assets/js/cargo-store.js?v=20260904_05""></script>"
"07-WonAuction.html","827","            const auctionMatch = allAuctions.find(a => a.id == item.auctionId || a.flightNumber === item.flightNumber);"
"07-WonAuction.html","870","            const item = list.find(w => w.wonId === wonId) || list[0];"
"07-WonAuction.html","875","            const agent = agentsList.find(a => (a.code || '').toUpperCase() === (item.agentCode || u.agentCode || '').toUpperCase()) || u;"
"07-WonAuction.html","877","            const auction = auctions.find(a => a.id == item.auctionId || a.flightNumber === item.flightNumber) || {};"
"07-WonAuction.html","879","            const isPaid = item.paymentStatus === 'PAID';"
"07-WonAuction.html","887","            const auctionMatch = (data.auctions || []).find(a => a.id == item.auctionId || a.flightNumber === item.flightNumber);"
"07-WonAuction.html","911","                            <p style=""margin: 1.5px 0 0 0; font-family: monospace; font-weight: 700; color: #2563eb;"">MÃ ĐƠN: ${item.wonId}</p>"
"07-WonAuction.html","912","                            <p style=""margin: 1.5px 0 0 0;"">Số AWB: <strong style=""font-family: monospace; color: #16a34a;"">${item.awbNumber || '-'}</strong></p>"
"07-WonAuction.html","957","                                <td style=""padding: 3px 5px; font-weight: 700; font-family: monospace; color: #2563eb;"">${item.agentCode || agent.code || 'AG-0892'}</td>"
"07-WonAuction.html","994","                                        ${item.flightNumber}"
"07-WonAuction.html","1038","                                    <p style=""margin: 0;"">• <strong>Mã vận đơn AWB:</strong> <span style=""font-family: monospace; font-weight: 800; color: #16a34a;"">${item.awbNumber || '-'}</span></p>"
"07-WonAuction.html","1057","                                    <td style=""padding: 4px 6px; font-weight: 800; font-family: monospace; color: #2563eb; border: 1px solid #cbd5e1;"">${decl.hawbNumber || '-'}</td>"
"07-WonAuction.html","1340","            if (item.paymentStatus === 'EXPIRED' || item.paymentStatus === 'CANCELLED') {"
"07-WonAuction.html","1351","            const auctionMatch = allAuctions.find(a => a.id == item.auctionId || a.flightNumber === item.flightNumber);"
"07-WonAuction.html","1520","            const item = list.find(w => w.wonId === wonId);"
"07-WonAuction.html","1535","            document.getElementById('declHawb').value = decl.hawbNumber || '';"
"07-WonAuction.html","1624","            const item = (data.wonAuctions || []).find(w => w.wonId === wonId);"
"07-WonAuction.html","1634","            const hawbNumber = document.getElementById('declHawb').value.trim();"
"07-WonAuction.html","1646","            if (!isValidHawbFormat(hawbNumber) || isGibberishText(hawbNumber)) {"
"07-WonAuction.html","1771","                hawbNumber,"
"07-WonAuction.html","1945","                if (hdrCode) hdrCode.textContent = u.agentCode || 'AG-0892';"
"07-WonAuction.html","1946","                if (hdrAvatar) hdrAvatar.textContent = (u.agentCode || 'AG').slice(0,2);"
"07-WonAuction.html","1962","                    const wonId = (item.wonId || '').toLowerCase();"
"07-WonAuction.html","1964","                    const flightNumber = (item.flightNumber || '').toLowerCase();"
"07-WonAuction.html","1965","                    const cleanFlightNumber = flightNumber.replace(/[\s-]/g, '');"
"07-WonAuction.html","1968","                    const awb = (item.awbNumber || '').toLowerCase();"
"07-WonAuction.html","1972","                    const hawb = (decl.hawbNumber || '').toLowerCase();"
"07-WonAuction.html","1977","                        flightNumber.includes(searchKeyword) || (cleanSearch && cleanFlightNumber.includes(cleanSearch)) ||"
"07-WonAuction.html","1987","            const isPaidWonItem = item => (store && store.isWonAuctionPaid) ? store.isWonAuctionPaid(item) : (item.paymentStatus === 'PAID' || item.paymentStatus === 'PAID_LATE' || item.lockWaivedByAdmin === true);"
"07-WonAuction.html","1988","            const isPendingWonItem = item => (store && store.isWonAuctionPending) ? store.isWonAuctionPending(item) : (item.paymentStatus === 'PENDING_VERIFICATION');"
"07-WonAuction.html","2007","                const raw = String(item?.wonId || '').replace(/^WON-/, '').replace(/-/g, '');"
"07-WonAuction.html","2073","                const isPaid = item.paymentStatus === 'PAID' || item.paymentStatus === 'PAID_LATE' || item.lockWaivedByAdmin === true;"
"07-WonAuction.html","2074","                const isPaidLate = item.paymentStatus === 'PAID_LATE' || item.lockWaivedByAdmin === true; // Supplementary payment after account unlock"
"07-WonAuction.html","2075","                const isWaivedByAdmin = item.lockWaivedByAdmin === true && item.paymentStatus !== 'PAID';"
"07-WonAuction.html","2076","                const isPending = item.paymentStatus === 'PENDING_VERIFICATION';"
"07-WonAuction.html","2086","                const isRejected = item.paymentProof && item.paymentProof.status === 'REJECTED';"
"07-WonAuction.html","2124","                                        MÃ ĐƠN: ${item.wonId}"
"07-WonAuction.html","2126","                                    <h2 class=""text-xl font-bold mt-1"">Chuyến ${item.flightNumber} · Tuyến ${item.route}</h2>"
"07-WonAuction.html","2180","                                                    <button onclick=""openPaymentModal('${item.wonId}')"" class=""px-4 py-2 bg-rose-600 hover:bg-rose-700 text-white font-bold rounded-xl transition shadow text-xs flex items-center gap-1.5 cursor-pointer"">"
"07-WonAuction.html","2250","                                    <p class=""text-sm font-mono font-bold ${isExpired ? 'text-rose-500' : 'text-emerald-600'} mt-1"">${item.awbNumber || '-'}</p>"
"07-WonAuction.html","2283","                                                    <button onclick=""openCargoModal('${item.wonId}')"" class=""px-3.5 py-1.5 rounded-xl text-xs font-semibold bg-white border border-slate-300 hover:bg-slate-100 text-slate-700 transition flex items-center gap-1.5 cursor-pointer"">"
"07-WonAuction.html","2298","                                                        <p class=""font-bold text-slate-900"">${decl.consigneeName} <span class=""font-mono text-blue-600 font-bold"">(${decl.hawbNumber || 'Chưa gắn HAWB'})</span></p>"
"07-WonAuction.html","2330","                                                <button onclick=""openCargoModal('${item.wonId}')"" class=""px-3.5 py-1.5 rounded-xl text-xs font-bold bg-emerald-600 hover:bg-emerald-700 text-white transition shadow flex items-center gap-1.5 cursor-pointer"">"
"07-WonAuction.html","2345","                                                    <p class=""font-bold text-slate-900"">${decl.consigneeName} <span class=""font-mono text-blue-600 font-bold"">(${decl.hawbNumber || 'Chưa gắn HAWB'})</span></p>"
"07-WonAuction.html","2363","                                                <button onclick=""openCargoModal('${item.wonId}')"" class=""px-3.5 py-1.5 rounded-xl text-xs font-bold bg-amber-600 hover:bg-amber-700 text-white transition shadow flex items-center gap-1.5 cursor-pointer"">"
"07-WonAuction.html","2385","                                            const aMatch = allAuctions.find(a => a.id == item.auctionId || a.flightNumber === item.flightNumber);"
"07-WonAuction.html","2393","                                        <p>• Xuất trình mã trúng thầu <strong>${item.wonId}</strong> kèm phiếu xác nhận PDF tại quầy tiếp nhận.</p>"
"07-WonAuction.html","2409","                                        <button onclick=""openPaymentModal('${item.wonId}')"" class=""bg-gradient-to-r from-amber-500 to-orange-500 hover:from-amber-600 hover:to-orange-600 text-white font-bold px-4 py-2.5 rounded-xl transition flex items-center gap-2 shadow cursor-pointer text-xs"">"
"07-WonAuction.html","2414","                                        <button onclick=""openPaymentModal('${item.wonId}')"" class=""bg-amber-100 hover:bg-amber-200 text-amber-900 border border-amber-300 font-bold px-3 py-2 rounded-xl flex items-center gap-1.5 text-xs transition cursor-pointer"">"
"07-WonAuction.html","2419","                                        <button onclick=""openPaymentModal('${item.wonId}')"" class=""bg-emerald-50 hover:bg-emerald-100 text-emerald-800 border border-emerald-300 font-bold px-3 py-2 rounded-xl flex items-center gap-1.5 text-xs transition cursor-pointer"">"
"07-WonAuction.html","2423","                                    <button onclick=""previewAwardSlip('${item.wonId}')"" class=""bg-white border border-slate-300 hover:bg-slate-50 text-slate-700 font-semibold px-3.5 py-2.5 rounded-xl transition flex items-center gap-1.5 shadow-xs cursor-pointer"">"
"07-WonAuction.html","2426","                                    <button onclick=""downloadAwardSlipPDF('${item.wonId}', this)"" class=""bg-slate-900 hover:bg-slate-800 text-white font-semibold px-4 py-2.5 rounded-xl transition flex items-center gap-2 shadow cursor-pointer"">"
"07-WonAuction.html","2445","            const item = allWon.find(w => w.wonId === wonId);"
"07-WonAuction.html","2462","            const flightOrAuctionId = item.flightNumber || String(item.auctionId || '');"
"07-WonAuction.html","2463","            const memo = generateTransferMemo(item.agentCode, flightOrAuctionId, new Date());"
"07-WonAuction.html","2466","            document.getElementById('payModalWonId').textContent = item.wonId;"
"07-WonAuction.html","2467","            document.getElementById('payModalFlight').textContent = item.flightNumber;"
"07-WonAuction.html","2477","            const isPaid = item.paymentStatus === 'PAID' || item.paymentStatus === 'PAID_LATE' || item.lockWaivedByAdmin === true;"
"07-WonAuction.html","2478","            const isPaidLateDetail = item.paymentStatus === 'PAID_LATE' || item.lockWaivedByAdmin === true;"
"07-WonAuction.html","2479","            const isPending = item.paymentStatus === 'PENDING_VERIFICATION' || item.paymentStatus === 'PENDING';"
"07-WonAuction.html","2493","                        <p class=""text-emerald-800"">Thời gian xác nhận: <strong>${item.paidAt || 'Vừa xong'}</strong> &middot; Mã AWB điện tử chính thức: <strong>${item.awbNumber || 'Chưa cấp'}</strong>.</p>"
"07-WonAuction.html","2511","            } else if (item.paymentProof && item.paymentProof.status === 'REJECTED') {"
"07-WonAuction.html","2667","            fetch('/api/momo/create', {"
"07-WonAuction.html","2792","                fetch(`/api/momo/status?wonId=${encodeURIComponent(momoCurrentWonId)}`)"
"07-WonAuction.html","2795","                        if (data.success && data.paymentStatus === 'PAID') {"
"07-WonAuction.html","3113","            const searchParam = urlParams.get('search') || urlParams.get('flight') || urlParams.get('flightNumber');"
"07-WonAuction.html","3133","                        targetItem = allWon.find(w => w.wonId === wonIdParam);"
"07-WonAuction.html","3138","                            (w.flightNumber && w.flightNumber.toUpperCase().includes(sUpper)) ||"
"07-WonAuction.html","3139","                            (w.wonId && w.wonId.toUpperCase().includes(sUpper)) ||"
"07-WonAuction.html","3149","                            openPaymentModal(targetItem.wonId);"
"07-WonAuction.html","3151","                            openCargoModal(targetItem.wonId);"
"08-Notifications.html","10","    <script src=""assets/js/cargo-store.js""></script>"
"08-Notifications.html","402","                                    isClosed = foundA.status === 'CLOSED' || foundA.status === 'ENDED' || foundA.status === 'EXPIRED' || (tm && tm.isEnded);"
"08-Notifications.html","702","        const myCode = user ? String(user.agentCode || user.code || '').trim().toUpperCase() : null;"
"09-Profile.html","9","    <script src=""assets/js/cargo-store.js""></script>"
"09-Profile.html","268","        document.getElementById('profAgentCode').textContent = u.agentCode || 'AG-0000';"
"09-Profile.html","269","        document.getElementById('profAvatar').textContent = (u.agentCode || 'AG').slice(0,2);"
"09-Profile.html","270","        document.getElementById('profStatus').textContent = u.status || 'Đang hoạt động';"
"Register.html","9","    <script src=""assets/js/cargo-store.js""></script>"
"Register.html","815","            const reg = (data.registrations || []).find(r => r.regId === resubmitId);"
"Register.html","818","            currentResubmitRegId = reg.regId;"
"Register.html","825","            if (regIdEl) regIdEl.textContent = reg.regId;"
"01-AdminLogin.html","9","    <script src=""../assets/js/cargo-store.js""></script>"
"02-AdminDashboard.html","9","    <script src=""../assets/js/cargo-store.js""></script>"
"02-AdminDashboard.html","360","            const openAuctions = auctions.filter(a => a.status === 'OPEN');"
"02-AdminDashboard.html","364","            const closedAuctions = auctions.filter(a => a.status === 'CLOSED');"
"02-AdminDashboard.html","382","            const pendings = (data.registrations || []).filter(r => r.status === 'PENDING');"
"02-AdminDashboard.html","391","            const pendingPayments = wonList.filter(w => w.paymentStatus === 'PENDING_VERIFICATION');"
"02-AdminDashboard.html","421","                    const isOpen = a.status === 'OPEN';"
"02-AdminDashboard.html","432","                                <span class=""bg-blue-600 text-white font-bold px-2 py-0.5 rounded text-[11px]"">${a.flightNumber}</span>"
"02-AdminDashboard.html","514","                                <span class=""font-mono font-bold text-blue-600"">${r.regId}</span>"
"02-AdminDashboard.html","547","                        const agentInfo = (data.agentsList || []).find(a => (a.code || '').toUpperCase() === (item.agentCode || '').toUpperCase());"
"02-AdminDashboard.html","548","                        const agentName = agentInfo ? agentInfo.companyName : (item.agentCode || 'Đại lý');"
"02-AdminDashboard.html","560","                                    <strong class=""text-blue-600 block"">${item.wonId}</strong>"
"02-AdminDashboard.html","561","                                    <span class=""text-slate-500 font-normal text-[11px]"">Chuyến ${item.flightNumber}</span>"
"02-AdminDashboard.html","565","                                    <p class=""text-[10px] text-slate-400 font-mono"">${item.agentCode}</p>"
"02-AdminDashboard.html","573","                                        <p class=""text-[10px] text-blue-600 font-mono font-semibold"">HAWB: ${decl.hawbNumber || 'Chưa có'}</p>"
"02-AdminDashboard.html","586","                                        <button onclick=""openDashCargoModal('${item.wonId}')"" class=""bg-blue-50 hover:bg-blue-100 text-blue-700 font-bold px-2.5 py-1 rounded-lg text-xs transition inline-flex items-center gap-1 cursor-pointer"">"
"02-AdminDashboard.html","651","            const item = list.find(w => w.wonId === wonId);"
"02-AdminDashboard.html","675","                            <strong class=""text-blue-600 text-sm"">${decl.hawbNumber || 'Chưa gắn HAWB'}</strong>"
"02-AdminDashboard.html","817","    fetch(""/api/chat"").then(r=>r.json()).then(d=>{"
"02-AdminDashboard.html","819","      var w=(d.chats||[]).filter(function(c){return c.status===""WAITING"";}).length;"
"03-AuctionList.html","9","    <script src=""../assets/js/cargo-store.js""></script>"
"03-AuctionList.html","663","            if (bOpen) bOpen.textContent = auctions.filter(a => a.status === 'OPEN').length;"
"03-AuctionList.html","668","            const isOpen = a.status === 'OPEN';"
"03-AuctionList.html","675","            const bidsForThis = allBids.filter(b => b.auctionId == a.id);"
"03-AuctionList.html","688","                            <span class=""bg-blue-600 text-white font-bold px-2 py-0.5 rounded text-[11px]"">${a.flightNumber}</span>"
"03-AuctionList.html","729","                            <button onclick=""handleDeleteAuction(${a.id}, '${a.flightNumber}')"" class=""inline-flex items-center gap-1 bg-red-50 hover:bg-red-100 text-red-600 font-semibold px-2 py-1 rounded-lg transition"" title=""Xóa chuyến bay"">"
"03-AuctionList.html","875","                list = list.filter(a => a.status === status);"
"03-AuctionList.html","880","                    (a.flightNumber || '').toLowerCase().includes(search) ||"
"03-AuctionList.html","919","                const openList = allAuctions.filter(a => a.status === 'OPEN');"
"03-AuctionList.html","954","        function handleDeleteAuction(id, flightNumber) {"
"03-AuctionList.html","955","            if (confirm(`CẢNH BÁO: Bạn có chắc chắn muốn xóa vĩnh viễn chuyến bay ${flightNumber}? Mọi lượt đặt giá liên quan sẽ bị xóa khỏi hệ thống!`)) {"
"03-AuctionList.html","972","            document.getElementById('editModalTitle').textContent = `Chỉnh sửa thông số chuyến ${auction.flightNumber}`;"
"03-AuctionList.html","982","            document.getElementById('editReopen').checked = auction.status === 'CLOSED';"
"03-AuctionList.html","1025","                    const priceLabel = (a.status === 'OPEN' && !isAdmin) ? '??? (Bảo mật)' : CargoStore.formatCurrency(a.currentPriceKg);"
"03-AuctionList.html","1026","                    return `<option value=""${a.id}"">Chuyến ${a.flightNumber} (${a.route}) - Giá hiện tại: ${priceLabel}</option>`;"
"03-AuctionList.html","1134","                    const wonId = (w.wonId || '').toLowerCase();"
"03-AuctionList.html","1136","                    const flightNumber = (w.flightNumber || '').toLowerCase();"
"03-AuctionList.html","1137","                    const cleanFlightNumber = flightNumber.replace(/[\s-]/g, '');"
"03-AuctionList.html","1140","                    const agentCode = (w.agentCode || '').toLowerCase();"
"03-AuctionList.html","1142","                    const awb = (w.awbNumber || '').toLowerCase();"
"03-AuctionList.html","1146","                    const hawb = (decl.hawbNumber || '').toLowerCase();"
"03-AuctionList.html","1148","                    const agentInfo = (data.agentsList || []).find(a => (a.code || '').toUpperCase() === (w.agentCode || '').toUpperCase());"
"03-AuctionList.html","1152","                        flightNumber.includes(adminSearch) || (cleanSearch && cleanFlightNumber.includes(cleanSearch)) ||"
"03-AuctionList.html","1169","            const isPaidWonItem = w => w.paymentStatus === 'PAID' || w.paymentStatus === 'PAID_LATE' || w.lockWaivedByAdmin === true;"
"03-AuctionList.html","1170","            const isPendingWonItem = w => w.paymentStatus === 'PENDING_VERIFICATION';"
"03-AuctionList.html","1187","                list = list.filter(w => w.paymentStatus === 'PENDING_VERIFICATION');"
"03-AuctionList.html","1189","                list = list.filter(w => w.paymentStatus === 'PAID');"
"03-AuctionList.html","1191","                list = list.filter(w => w.paymentStatus !== 'PAID' && w.paymentStatus !== 'PENDING_VERIFICATION' && !((window.CargoStore && CargoStore.isWonAuctionExpired) ? CargoStore.isWonAuctionExpired(w) : false));"
"03-AuctionList.html","1198","                const raw = String(item?.wonId || '').replace(/^WON-/, '').replace(/-/g, '');"
"03-AuctionList.html","1249","                const isPaid = item.paymentStatus === 'PAID';"
"03-AuctionList.html","1250","                const isPending = item.paymentStatus === 'PENDING_VERIFICATION';"
"03-AuctionList.html","1265","                const agentInfo = (data.agentsList || []).find(a => (a.code || '').toUpperCase() === (item.agentCode || '').toUpperCase());"
"03-AuctionList.html","1266","                const agentNameDisplay = agentInfo ? agentInfo.companyName : (item.agentCode || 'Đại lý');"
"03-AuctionList.html","1277","                            <button onclick=""viewAdminCargoModal('${item.wonId}')"" class=""text-[10px] text-blue-600 hover:text-blue-800 font-bold underline cursor-pointer inline-flex items-center gap-1"">"
"03-AuctionList.html","1290","                const memoStr = proof?.memo || (CargoStore.generatePaymentMemo ? CargoStore.generatePaymentMemo(item.wonId, item.agentCode) : `CARGO ${item.wonId} ${item.agentCode}`);"
"03-AuctionList.html","1295","                            <span class=""${isExpired ? 'text-rose-600 line-through' : 'text-blue-600'} font-bold block"">${item.wonId}</span>"
"03-AuctionList.html","1296","                            <span class=""text-slate-500 font-normal text-[11px]"">Chuyến ${item.flightNumber} (${item.route})</span>"
"03-AuctionList.html","1300","                            <p class=""text-[11px] text-blue-600 font-mono font-semibold"">Mã đại lý: ${item.agentCode || '-'}</p>"
"03-AuctionList.html","1311","                            <p class=""font-mono font-bold text-blue-600 text-[11px] mt-0.5"">AWB: ${item.awbNumber || '-'}</p>"
"03-AuctionList.html","1316","                                <button onclick=""viewAdminPaymentProofModal('${item.wonId}')"" class=""text-[10px] font-bold ${proof ? 'text-amber-700 bg-amber-50 hover:bg-amber-100 border border-amber-200' : 'text-slate-600 bg-slate-100 hover:bg-slate-200'} px-2 py-0.5 rounded-lg inline-flex items-center gap-1 transition cursor-pointer"">"
"03-AuctionList.html","1333","                                    <button onclick=""handleAdminConfirmPayment('${item.wonId}')"" class=""inline-flex items-center gap-1 bg-emerald-600 hover:bg-emerald-700 text-white font-bold px-2.5 py-1.5 rounded-xl text-xs transition shadow-sm cursor-pointer"" title=""Xác nhận nhận đủ tiền"">"
"03-AuctionList.html","1336","                                    <button onclick=""openAdminRejectPaymentModal('${item.wonId}')"" class=""inline-flex items-center gap-1 bg-rose-600 hover:bg-rose-700 text-white font-bold px-2 py-1.5 rounded-xl text-xs transition shadow-sm cursor-pointer"" title=""Từ chối biên lai & Yêu cầu nộp lại"">"
"03-AuctionList.html","1360","            const item = list.find(w => w.wonId === wonId);"
"03-AuctionList.html","1373","                        <p class=""text-[11px]"">Đại lý ${item.agentCode} chưa điền thông tin quy cách lô hàng cho đơn ${wonId}.</p>"
"03-AuctionList.html","1385","                            <strong class=""text-blue-600 text-sm"">${decl.hawbNumber || 'Chưa gắn HAWB'}</strong>"
"03-AuctionList.html","1474","            const item = list.find(w => w.wonId === wonId);"
"03-AuctionList.html","1486","            const expectedMemo = CargoStore.generatePaymentMemo ? CargoStore.generatePaymentMemo(item.wonId, item.agentCode) : `CARGO ${item.wonId} ${item.agentCode}`;"
"03-AuctionList.html","1487","            const agentInfo = (data.agentsList || []).find(a => (a.code || '').toUpperCase() === (item.agentCode || '').toUpperCase());"
"03-AuctionList.html","1495","            const isPaid = item.paymentStatus === 'PAID';"
"03-AuctionList.html","1496","            const isPending = item.paymentStatus === 'PENDING_VERIFICATION';"
"03-AuctionList.html","1504","                        <p class=""font-bold text-slate-900 text-sm mt-0.5"">${agentInfo ? agentInfo.companyName : (item.agentCode || 'Đại lý')}</p>"
"03-AuctionList.html","1505","                        <p class=""text-[11px] font-mono text-blue-600 font-semibold"">Mã ĐL: ${item.agentCode || '-'} · Hotline: ${agentInfo?.phone || '-'}</p>"
"03-AuctionList.html","1509","                        <p class=""font-bold text-slate-900 text-sm mt-0.5"">Chuyến ${item.flightNumber} (${item.route})</p>"
"03-AuctionList.html","1510","                        <p class=""text-[11px] font-mono text-emerald-600 font-semibold"">AWB: ${item.awbNumber || '-'}</p>"
"03-AuctionList.html","1594","                    <span class=""text-slate-500 text-[11px]"">Trạng thái: <strong>${item.paymentStatus}</strong></span>"
"03-AuctionList.html","1601","                        <button onclick=""openAdminRejectPaymentModal('${item.wonId}')"" class=""px-4 py-2 bg-rose-600 hover:bg-rose-700 text-white font-bold rounded-xl transition shadow flex items-center gap-1.5 cursor-pointer"">"
"03-AuctionList.html","1604","                        <button onclick=""handleAdminConfirmPaymentFromModal('${item.wonId}')"" class=""px-5 py-2 bg-emerald-600 hover:bg-emerald-700 text-white font-bold rounded-xl transition shadow flex items-center gap-1.5 cursor-pointer"">"
"03-AuctionList.html","1747","    fetch(""/api/chat"").then(r=>r.json()).then(d=>{"
"03-AuctionList.html","1749","      var w=(d.chats||[]).filter(function(c){return c.status===""WAITING"";}).length;"
"04-CreateAuction.html","9","    <script src=""../assets/js/cargo-store.js""></script>"
"04-CreateAuction.html","122","                            <button type=""button"" onclick=""regenerateFlightNumber()"" title=""Đổi số hiệu khác"" class=""text-[10px] text-blue-600 hover:underline flex items-center gap-1 font-normal"">"
"04-CreateAuction.html","127","                            <input type=""text"" id=""flightNumber"" required placeholder=""VD: VU130"""
"04-CreateAuction.html","128","                                   oninput=""validateFlightNumberRealtime()"""
"04-CreateAuction.html","132","                        <p id=""flightNumberHint"" class=""text-[10px] text-blue-600 font-medium mt-1"">"
"04-CreateAuction.html","372","            if (window.CargoStore && CargoStore.generateNextFlightNumber) {"
"04-CreateAuction.html","373","                return CargoStore.generateNextFlightNumber(origin, dest, skip);"
"04-CreateAuction.html","553","        let flightNumberSkipCount = 0;"
"04-CreateAuction.html","555","        function validateFlightNumberRealtime() {"
"04-CreateAuction.html","556","            const fnInput = document.getElementById('flightNumber');"
"04-CreateAuction.html","557","            const hint = document.getElementById('flightNumberHint');"
"04-CreateAuction.html","567","            if (window.CargoStore && CargoStore.checkDuplicateFlightNumber) {"
"04-CreateAuction.html","568","                const check = CargoStore.checkDuplicateFlightNumber(fn);"
"04-CreateAuction.html","572","                    hint.innerHTML = `<i class=""fa-solid fa-triangle-exclamation""></i> ${check.message} <button type=""button"" onclick=""regenerateFlightNumber()"" class=""text-blue-700 underline font-semibold ml-1 cursor-pointer"">Lấy số hiệu khác</button>`;"
"04-CreateAuction.html","583","        function updateAutoGeneratedFlightNumber(resetSkip = true) {"
"04-CreateAuction.html","584","            if (resetSkip) flightNumberSkipCount = 0;"
"04-CreateAuction.html","587","            const fnInput = document.getElementById('flightNumber');"
"04-CreateAuction.html","589","                fnInput.value = getNextFlightNum(origin, dest, flightNumberSkipCount);"
"04-CreateAuction.html","590","                validateFlightNumberRealtime();"
"04-CreateAuction.html","594","        function regenerateFlightNumber() {"
"04-CreateAuction.html","595","            flightNumberSkipCount++;"
"04-CreateAuction.html","596","            updateAutoGeneratedFlightNumber(false);"
"04-CreateAuction.html","631","            updateAutoGeneratedFlightNumber(true);"
"04-CreateAuction.html","636","            updateAutoGeneratedFlightNumber(true);"
"04-CreateAuction.html","642","            updateAutoGeneratedFlightNumber(true);"
"04-CreateAuction.html","713","            const fn = document.getElementById('flightNumber').value.trim().toUpperCase();"
"04-CreateAuction.html","722","            if (window.CargoStore && CargoStore.checkDuplicateFlightNumber) {"
"04-CreateAuction.html","723","                const check = CargoStore.checkDuplicateFlightNumber(fn);"
"04-CreateAuction.html","765","                    flightNumber: fn,"
"04-CreateAuction.html","791","    fetch(""/api/chat"").then(r=>r.json()).then(d=>{"
"04-CreateAuction.html","793","      var w=(d.chats||[]).filter(function(c){return c.status===""WAITING"";}).length;"
"05-AuctionDetail.html","9","    <script src=""../assets/js/cargo-store.js""></script>"
"05-AuctionDetail.html","346","            document.getElementById('adminFlightTitle').textContent = auction.flightNumber;"
"05-AuctionDetail.html","352","            const isOpen = auction.status === 'OPEN';"
"05-AuctionDetail.html","357","            const auctionBids = (data.bids || []).filter(b => Number(b.auctionId) === Number(auction.id));"
"05-AuctionDetail.html","375","                const wonItem = wonList.find(w => Number(w.auctionId) === Number(auction.id));"
"05-AuctionDetail.html","385","                                        Hồ sơ Khai báo Hàng hóa của Đại lý Trúng thầu (${wonItem.agentCode})"
"05-AuctionDetail.html","389","                                            Mã đơn: ${wonItem.wonId}"
"05-AuctionDetail.html","412","                                        <strong class=""text-blue-600 font-mono text-sm block mt-0.5"">${decl.hawbNumber || 'Chưa gắn HAWB'}</strong>"
"05-AuctionDetail.html","413","                                        <span class=""text-slate-500 text-[10px]"">Master AWB: ${wonItem.awbNumber || '-'}</span>"
"05-AuctionDetail.html","466","                                        <p class=""font-bold"">Đại lý trúng thầu (${wonItem.agentCode}) chưa điền thông tin khai báo hàng hóa</p>"
"05-AuctionDetail.html","467","                                        <p class=""text-[11px] text-amber-800"">Đơn trúng thầu ${wonItem.wonId} đang chờ đại lý điền thông tin lô hàng.</p>"
"05-AuctionDetail.html","475","                    const isPaid = wonItem.paymentStatus === 'PAID';"
"05-AuctionDetail.html","476","                    const isPending = wonItem.paymentStatus === 'PENDING_VERIFICATION';"
"05-AuctionDetail.html","479","                    const expectedMemo = CargoStore.generatePaymentMemo ? CargoStore.generatePaymentMemo(wonItem.wonId, wonItem.agentCode) : `CARGO ${wonItem.wonId} ${wonItem.agentCode}`;"
"05-AuctionDetail.html","486","                                    Tình trạng Thanh toán & Đối soát Chuyển khoản (Đơn ${wonItem.wonId})"
"05-AuctionDetail.html","525","                                    <button onclick=""handleDetailRejectPayment('${wonItem.wonId}')"" class=""bg-rose-600 hover:bg-rose-700 text-white font-bold px-4 py-2 rounded-xl text-xs transition shadow flex items-center gap-1.5 cursor-pointer"">"
"05-AuctionDetail.html","528","                                    <button onclick=""handleDetailConfirmPayment('${wonItem.wonId}')"" class=""bg-emerald-600 hover:bg-emerald-700 text-white font-bold px-4 py-2 rounded-xl text-xs transition shadow flex items-center gap-1.5 cursor-pointer"">"
"05-AuctionDetail.html","644","                    <td class=""py-3 px-4 font-mono font-bold text-blue-600"">${b.agentCode}</td>"
"05-AuctionDetail.html","650","                        ${b.status === 'HIGHEST' || b.status === 'WON' ? "
"05-AuctionDetail.html","708","            document.getElementById('bcFlightTitle').value = `Thông báo về chuyến bay ${currentAuction.flightNumber} (${currentAuction.route})`;"
"05-AuctionDetail.html","709","            document.getElementById('bcFlightMsg').value = `Cập nhật thông tin phiên thầu chuyến ${currentAuction.flightNumber}. Giá hiện tại đang ở mức ${CargoStore.formatCurrency(currentAuction.currentPriceKg)}/Kg.`;"
"05-AuctionDetail.html","770","    fetch(""/api/chat"").then(r=>r.json()).then(d=>{"
"05-AuctionDetail.html","772","      var w=(d.chats||[]).filter(function(c){return c.status===""WAITING"";}).length;"
"06-AgentList.html","10","    <script src=""../assets/js/cargo-store.js""></script>"
"06-AgentList.html","613","            if (r.regId) {"
"06-AgentList.html","614","                const num = r.regId.replace(/\D/g, '');"
"06-AgentList.html","663","            const pendings = regs.filter(r => r.status === 'PENDING');"
"06-AgentList.html","676","                if (regStatus !== 'ALL' && r.status !== regStatus) {"
"06-AgentList.html","680","                    const matchId = (r.regId || '').toLowerCase().includes(regSearch);"
"06-AgentList.html","716","                    const isPending = r.status === 'PENDING';"
"06-AgentList.html","717","                    const isApproved = r.status === 'APPROVED';"
"06-AgentList.html","723","                                    <span class=""font-mono font-bold text-xs bg-slate-100 text-slate-700 px-2.5 py-1 rounded-lg"">${r.regId}</span>"
"06-AgentList.html","729","                                    ${r.status === 'REJECTED' ? '<span class=""bg-red-100 text-red-700 text-xs font-bold px-2.5 py-1 rounded-full"">ĐÃ TỪ CHỐI</span>' : ''}"
"06-AgentList.html","769","                                        <span id=""pwd-val-${r.regId}"" class=""font-mono font-bold text-slate-800 tracking-wider"">••••••••</span>"
"06-AgentList.html","772","                                                    onclick=""toggleRegSecret('${r.regId}', 'pwd')"" "
"06-AgentList.html","773","                                                    id=""pwd-btn-${r.regId}"" "
"06-AgentList.html","774","                                                    data-real=""${encodeURIComponent(r.password || '12345678')}"" "
"06-AgentList.html","786","                                        <span id=""pin-val-${r.regId}"" class=""font-mono font-bold text-indigo-700 tracking-wider"">••••</span>"
"06-AgentList.html","789","                                                    onclick=""toggleRegSecret('${r.regId}', 'pin')"" "
"06-AgentList.html","790","                                                    id=""pin-btn-${r.regId}"" "
"06-AgentList.html","791","                                                    data-real=""${encodeURIComponent(r.pin || '1234')}"" "
"06-AgentList.html","839","                            ${(r.status === 'REJECTED' && (r.rejectionReason || r.rejectReason)) ? `"
"06-AgentList.html","857","                                        <button onclick=""openRejectModal('${r.regId}')"" class=""bg-red-50 hover:bg-red-100 text-red-600 font-bold px-4 py-2.5 rounded-xl text-xs transition cursor-pointer flex items-center justify-center gap-1"">"
"06-AgentList.html","860","                                        <button onclick=""handleApprove('${r.regId}')"" class=""bg-blue-600 hover:bg-blue-700 text-white font-bold px-5 py-2.5 rounded-xl text-xs transition shadow flex items-center justify-center gap-1.5 cursor-pointer"">"
"06-AgentList.html","898","                const isLocked = ag.status === 'Đã khóa' || ag.status === 'LOCKED';"
"06-AgentList.html","943","                    const isLocked = ag.status === 'Đã khóa' || ag.status === 'LOCKED';"
"06-AgentList.html","982","                const isLocked = st.status === 'Đã khóa' || st.status === 'LOCKED';"
"06-AgentList.html","1087","            const reg = (data.registrations || []).find(r => r.regId === regId);"
"06-AgentList.html","1093","            document.getElementById('rejectModalRegId').textContent = reg.regId;"
"06-AgentList.html","1094","            document.getElementById('rejectModalRegIdInput').value = reg.regId;"
"06-AgentList.html","1142","            const isCurrentlyLocked = target && (target.status === 'Đã khóa' || target.status === 'LOCKED');"
"06-AgentList.html","1270","                r = regs.find(item => item.regId === regIdxOrId);"
"06-AgentList.html","1280","                r = regs.find(item => item.regId === regIdxOrId) || regs[0];"
"06-AgentList.html","1286","                regId: r.regId || ('REG-' + regIdxOrId),"
"06-AgentList.html","1396","                                <p class=""text-[9px] sm:text-[11px] text-slate-500 font-mono"">Số lưu trữ: E-DOC-${info.regId}/VTA-CARGO</p>"
"06-AgentList.html","1619","    fetch(""/api/chat"").then(r=>r.json()).then(d=>{"
"06-AgentList.html","1621","      var w=(d.chats||[]).filter(function(c){return c.status===""WAITING"";}).length;"
"07-Reports.html","9","    <script src=""../assets/js/cargo-store.js?v=20260904_05""></script>"
"07-Reports.html","470","                const hasBids = (a.bidsCount > 0) || (bids.some(b => b.auctionId == a.id)) || (a.status === 'CLOSED');"
"07-Reports.html","481","                if (a.status === 'CLOSED') {"
"07-Reports.html","488","                const routeName = w.route || (w.flightNumber ? w.flightNumber : 'Khác');"
"07-Reports.html","489","                if (!auctions.some(a => a.id == w.auctionId || (a.flightCode && a.flightCode === w.flightCode))) {"
"07-Reports.html","523","                const c = b.agentCode;"
"07-Reports.html","541","                const winner = a.winnerAgentCode || (a.status === 'CLOSED' ? a.leadingAgentCode : null);"
"07-Reports.html","560","                const winner = w.agentCode;"
"07-Reports.html","572","                    if (!auctions.some(a => (a.winnerAgentCode === winner || a.leadingAgentCode === winner) && a.id == w.auctionId)) {"
"07-Reports.html","763","                        const agentInfo = (storeData.agentsList || []).find(a => (a.code || '').toUpperCase() === (item.agentCode || '').toUpperCase());"
"07-Reports.html","764","                        const agentName = agentInfo ? agentInfo.companyName : (item.agentCode || 'Đại lý');"
"07-Reports.html","769","                                    <strong class=""text-blue-600 block"">${item.wonId}</strong>"
"07-Reports.html","770","                                    <span class=""text-slate-500 font-normal text-[11px]"">Chuyến ${item.flightNumber} (${item.route})</span>"
"07-Reports.html","774","                                    <p class=""text-[10px] text-blue-600 font-mono font-semibold"">${item.agentCode}</p>"
"07-Reports.html","780","                                        <p class=""text-[10px] text-blue-600 font-mono font-semibold mt-0.5"">HAWB: ${decl.hawbNumber || 'Chưa gắn'}</p>"
"07-Reports.html","922","                        const isOpen = a.status === 'OPEN';"
"07-Reports.html","926","                            ""Số hiệu chuyến"": a.flightNumber || '-',"
"07-Reports.html","934","                            ""Trạng thái"": a.status === 'OPEN' ? 'ĐANG MỞ' : (a.status === 'CLOSED' ? 'ĐÃ ĐÓNG' : a.status)"
"07-Reports.html","944","                            ""Mã đơn thắng thầu"": item.wonId,"
"07-Reports.html","945","                            ""Số hiệu chuyến"": item.flightNumber,"
"07-Reports.html","947","                            ""Mã đại lý"": item.agentCode,"
"07-Reports.html","951","                            ""Master AWB"": item.awbNumber || '-',"
"07-Reports.html","953","                            ""Mã HAWB"": decl.hawbNumber || '-',"
"07-Reports.html","1197","                        ? '/api/data'"
"07-Reports.html","1198","                        : 'http://localhost:8085/api/data';"
"07-Reports.html","1212","                    console.warn('Sync /api/data error:', err);"
"07-Reports.html","1236","    fetch(""/api/chat"").then(r=>r.json()).then(d=>{"
"07-Reports.html","1238","      var w=(d.chats||[]).filter(function(c){return c.status===""WAITING"";}).length;"
"08-Settings.html","9","    <script src=""../assets/js/cargo-store.js""></script>"
"08-Settings.html","554","                const res = await fetch('/api/send-email', {"
"08-Settings.html","735","    fetch(""/api/chat"").then(r=>r.json()).then(d=>{"
"08-Settings.html","737","      var w=(d.chats||[]).filter(function(c){return c.status===""WAITING"";}).length;"
"09-AdminChat.html","9","<script src=""../assets/js/cargo-store.js""></script>"
"09-AdminChat.html","216","    const s = JSON.parse(localStorage.getItem('adminSession') || '{}');"
"09-AdminChat.html","238","    const matchTab = currentTab === 'ACTIVE' ? (c.status === 'ACTIVE' || c.status === 'CLOSING_REQUEST') : c.status === currentTab;"
"09-AdminChat.html","239","    const matchQ = !q || (c.agentCode||'').toLowerCase().includes(q) || (c.agentName||'').toLowerCase().includes(q);"
"09-AdminChat.html","242","  document.getElementById('cnt-waiting').textContent = allChats.filter(c=>c.status==='WAITING').length;"
"09-AdminChat.html","243","  document.getElementById('cnt-active').textContent = allChats.filter(c=>c.status==='ACTIVE'||c.status==='CLOSING_REQUEST').length;"
"09-AdminChat.html","244","  document.getElementById('cnt-closed').textContent = allChats.filter(c=>c.status==='CLOSED').length;"
"09-AdminChat.html","245","  const waitCount = allChats.filter(c=>c.status==='WAITING').length;"
"09-AdminChat.html","258","    const badgeClass = c.status==='WAITING'?'badge-wait':(c.status==='ACTIVE'||c.status==='CLOSING_REQUEST')?'badge-active':'badge-closed';"
"09-AdminChat.html","259","    const badgeText = c.status==='WAITING'?'Chờ':c.status==='CLOSING_REQUEST'?'Đang chờ XN':c.status==='ACTIVE'?'Đang HT':'Đã xong';"
"09-AdminChat.html","265","          <span class=""text-xs font-semibold text-white truncate"">${c.agentName||c.agentCode}</span>"
"09-AdminChat.html","268","        <p class=""text-[11px] text-slate-500 font-mono"">${c.agentCode}</p>"
"09-AdminChat.html","304","  document.getElementById('chat-hdr-name').textContent = chat.agentName || chat.agentCode;"
"09-AdminChat.html","305","  document.getElementById('chat-hdr-sub').textContent = chat.agentCode + (chat.assignedName ? ' · Phụ trách: ' + chat.assignedName : '');"
"09-AdminChat.html","307","  if (chat.status==='WAITING') {"
"09-AdminChat.html","309","  } else if (chat.status==='ACTIVE') {"
"09-AdminChat.html","313","  } else if (chat.status==='CLOSING_REQUEST') {"
"09-AdminChat.html","332","  if(inputArea) inputArea.style.display = (chat.status==='ACTIVE'||chat.status==='CLOSING_REQUEST')?'flex':'none';"
"09-AdminChat.html","338","    const r = await fetch('/api/chat/request-close', {"
"09-AdminChat.html","362","  try { await fetch('/api/chat/read',{method:'POST',headers:{'Content-Type':'application/json'},body:JSON.stringify({chatId,readerRole:'staff'})}); } catch(e) {}"
"09-AdminChat.html","368","    const r = await fetch('/api/chat/assign',{method:'POST',headers:{'Content-Type':'application/json'},body:JSON.stringify({chatId:selectedChatId,staffId:adminInfo.id,staffName:adminInfo.name})});"
"09-AdminChat.html","381","    const r = await fetch('/api/chat/close',{method:'POST',headers:{'Content-Type':'application/json'},body:JSON.stringify({chatId:pendingCloseId,closedByName:adminInfo.name})});"
"09-AdminChat.html","389","  if (!chat || chat.status!=='ACTIVE') return;"
"09-AdminChat.html","394","    const r = await fetch('/api/chat/send',{method:'POST',headers:{'Content-Type':'application/json'},body:JSON.stringify({chatId:selectedChatId,sender:'staff',senderName:adminInfo.name,text})});"
"09-AdminChat.html","405","    const r=await fetch('/api/upload',{method:'POST',body:form});"
"09-AdminChat.html","411","    const r2=await fetch('/api/chat/send',{method:'POST',headers:{'Content-Type':'application/json'},body:JSON.stringify({chatId:selectedChatId,sender:'staff',senderName:adminInfo.name,text:null,fileUrl:d.url,fileName:d.name,fileType})});"
"09-AdminChat.html","422","    const r = await fetch('/api/chat');"
"09-AdminChat.html","425","    const prevWait = allChats.filter(c=>c.status==='WAITING').length;"
"09-AdminChat.html","427","    const newWait = allChats.filter(c=>c.status==='WAITING').length;"
"10-AuditLogs.html","352","    <script src=""../assets/js/cargo-store.js""></script>"
